Produto;Valor;Keywords;Quantidade;Campanha;Local Exibicao;Idade;Localidade;Idioma;Dia da semana;Horario;Frequencia;Dispositivo;Impressoes;Usuarios Atingidos ;Cliques;Carrinho;Conversoes;CPC;Retorno Conversao
1;224;1;11;1;1;-1;1;1;1;1;1;1;42482;39527;3284;259;32;0,068209501;14677
1;244;1;13;1;1;-1;1;1;2;2;1;2;47799;43392;3635;297;37;0,067125172;17011
1;245;1;12;1;2;1;2;1;3;3;1;1;51776;47853;3937;304;40;0,062230124;18377
1;265;2;12;1;2;1;3;1;4;1;2;1;55976;51346;4228;285;34;0,062677389;15725
1;222;2;16;1;3;-2;1;1;5;2;1;1;60740;56125;4578;309;38;0,048492792;17417
1;270;2;15;1;3;-2;1;1;6;3;1;1;63320;57350;4757;350;45;0,056758461;20695
1;287;1;13;1;1;1;3;0;7;1;2;2;53926;50211;4184;228;26;0,068594646;11870
1;219;1;14;1;1;1;3;1;1;1;1;1;46136;42279;3615;235;28;0,060580913;12852
1;219;1;11;2;1;2;1;1;2;1;1;1;41881;39173;3218;194;26;0,068054692;12023
1;267;1;13;2;1;2;2;1;3;1;2;2;50843;47386;3991;316;38;0,066900526;17492
1;220;1;12;2;1;1;1;1;4;1;1;1;42968;40128;3302;222;26;0,066626287;11999
1;295;1;16;2;1;-1;1;1;5;2;1;1;56860;52086;4406;310;38;0,066954153;17498
1;254;3;13;2;1;-1;1;0;6;3;1;1;49701;44850;3683;254;33;0,068965517;15166
1;271;3;14;1;2;1;2;1;7;1;1;2;57353;53166;4352;266;32;0,062270221;14805
1;229;3;15;1;2;1;3;1;1;2;1;1;55475;51087;4194;318;40;0,054601812;18440
1;273;3;11;1;3;-2;1;1;2;3;2;1;58202;53042;4409;339;41;0,061918802;18948
1;262;3;16;3;3;-2;1;1;3;1;1;1;63212;57359;4731;247;34;0,055379412;15644
1;212;3;14;3;1;1;3;1;4;1;1;2;47144;42852;3675;216;29;0,057687075;13419
1;295;3;14;3;1;1;3;1;5;1;1;1;55646;51497;4225;302;37;0,069822485;16969
1;269;1;14;3;1;2;1;1;6;1;1;1;50992;46019;3919;213;28;0,068639959;12822
1;200;1;16;1;1;2;2;1;7;1;2;2;48598;44038;3749;248;27;0,053347559;12510
1;247;1;14;1;1;1;1;1;1;1;1;2;48013;43632;3595;223;25;0,068706537;11578
1;249;2;15;1;1;1;1;1;2;1;1;2;50488;47099;3898;217;25;0,063878912;11418
1;204;2;14;1;1;-1;1;1;3;2;1;2;45222;41556;3385;174;21;0,060265879;9752
1;263;2;13;1;2;-1;2;1;4;3;2;2;55659;51362;4267;221;29;0,06163581;13442
1;293;1;16;1;2;1;3;1;5;1;1;1;61917;57718;4751;250;33;0,061671227;15179
1;217;1;16;1;3;1;1;0;6;2;1;1;58331;53320;4476;232;33;0,048480786;15248
1;256;1;11;1;3;-2;1;1;7;3;1;1;56465;51113;4241;222;32;0,060363122;14782
1;265;1;15;1;1;-2;3;1;1;1;1;1;53294;48658;4079;249;28;0,064966904;12991
1;244;1;13;2;1;1;3;1;2;1;1;2;48857;44223;3622;267;31;0,067366096;14218
1;296;1;12;2;1;1;1;1;3;1;2;1;51760;47093;3985;262;33;0,074278545;15156
1;217;3;16;2;1;2;2;1;4;1;1;1;49317;45363;3744;280;33;0,057959402;15151
1;267;3;15;2;1;2;1;1;5;1;1;1;52799;48031;4062;245;29;0,065731167;13251
1;228;3;16;2;1;1;1;0;6;1;1;1;50042;45151;3860;224;27;0,059067358;12321
1;216;3;16;1;1;1;1;1;7;1;2;2;48906;43957;3576;241;30;0,060402685;13895
1;203;3;13;1;2;-1;1;1;1;1;1;1;49347;46088;3898;235;31;0,052077989;14224
1;285;3;15;1;2;-1;1;0;2;2;1;1;59137;55084;4470;339;41;0,063758389;18863
1;281;3;11;3;3;1;2;1;3;3;1;1;59325;55034;4568;271;40;0,061514886;18431
1;269;1;11;3;3;1;3;1;4;1;2;1;58706;53228;4388;284;37;0,061303555;17065
1;200;1;14;3;1;-2;1;1;5;2;1;2;44898;42720;3571;239;33;0,056006721;15212
1;258;1;16;3;1;-2;1;1;6;3;1;1;52062;48624;4020;215;28;0,064179104;12980
1;216;1;13;1;1;1;3;1;7;1;2;1;44909;40449;3384;256;28;0,063829787;12806
1;211;1;12;1;1;1;3;1;1;1;1;1;42342;38571;3204;260;29;0,065855181;13399
1;236;1;13;1;1;2;1;1;2;1;1;2;47464;43020;3609;233;27;0,065392075;12382
1;297;1;12;1;1;2;2;1;3;2;1;1;52052;47297;3878;265;34;0,076585869;15647
1;236;1;14;1;1;1;1;1;4;3;2;1;47786;44168;3765;264;33;0,062682603;15219
1;210;2;12;1;1;1;1;1;5;1;1;1;41967;37855;3200;173;21;0,065625;9721
1;285;2;14;1;2;-1;1;1;6;2;1;1;59448;53952;4474;343;41;0,063701386;18946
1;300;2;14;1;2;-1;1;1;7;3;1;2;60249;56172;4605;292;37;0,06514658;16919
1;260;1;14;1;3;1;1;1;1;1;2;1;63133;58155;4839;323;37;0,05373011;17095
1;224;1;11;1;3;1;2;1;2;1;1;1;52582;48406;4060;223;29;0,055172414;13376
1;244;1;11;1;1;-2;3;1;3;1;1;1;44390;41289;3371;251;32;0,072382082;14758
1;255;1;11;2;1;-2;1;0;4;1;1;1;45625;43371;3676;294;33;0,069368879;15222
1;240;1;14;2;1;1;1;1;5;1;1;2;47768;42933;3626;274;32;0,066188638;14754
1;222;1;14;2;1;1;3;1;6;1;1;1;46795;42261;3595;276;34;0,061752434;15622
1;257;3;11;2;1;2;3;1;7;1;2;1;47410;43237;3698;189;24;0,069497025;10955
1;294;3;15;2;1;2;1;1;1;2;1;1;54899;50827;4279;338;38;0,068707642;17478
1;209;3;11;1;1;1;2;1;2;3;2;2;42011;39172;3372;261;33;0,06198102;15239
1;267;3;15;1;1;1;1;1;3;1;2;1;54012;49979;4121;295;33;0,064790099;15158
1;266;3;11;1;2;1;1;0;4;2;1;1;53101;48901;4135;319;36;0,0643289;16484
1;204;3;15;3;2;-1;1;1;5;3;1;1;52168;47765;3916;296;40;0,052093973;18453
1;293;3;13;3;3;-1;1;1;6;1;1;2;65087;59018;4943;256;33;0,059275743;15086
1;202;1;11;3;3;1;1;1;7;1;2;1;51144;47561;3977;228;33;0,050792054;15183
1;280;1;34;3;1;1;2;1;1;1;1;1;77116;70414;5850;316;40;0,047863248;18499
1;290;1;34;1;1;-2;3;1;2;1;2;1;78020;72470;5938;418;45;0,048837993;20701
1;210;1;34;1;1;-2;1;1;3;1;1;2;71107;65601;5393;310;34;0,038939366;15572
1;239;2;34;1;1;1;1;1;4;1;1;1;73735;68233;5611;298;36;0,042594903;16616
1;258;2;33;1;1;1;3;0;5;1;1;1;73099;66567;5391;294;36;0,04785754;16547
1;238;2;30;1;1;2;3;1;6;1;1;2;67321;61263;5017;330;38;0,047438708;17441
1;300;1;34;1;1;2;1;0;7;1;1;1;78176;71244;5790;300;37;0,051813472;17080
1;207;1;32;1;1;1;2;1;1;1;2;1;67234;60560;4934;355;39;0,04195379;18026
1;227;1;33;1;1;1;1;1;2;2;1;1;71545;66393;5526;331;37;0,041078538;17124
1;258;1;33;1;2;1;1;1;3;3;1;2;80091;74381;6189;392;47;0,041686864;21522
1;291;1;30;2;2;-1;1;0;4;1;1;1;79824;72694;6018;332;38;0,048354935;17468
1;298;1;34;2;3;-1;1;1;5;2;1;2;89385;82080;6725;417;49;0,044312268;22582
1;294;3;33;2;3;1;2;1;6;3;2;1;90010;81669;6764;443;52;0,043465405;23844
1;227;3;33;2;1;1;3;1;7;1;1;1;70550;65123;5377;321;37;0,04221685;17003
1;266;3;32;2;1;-2;1;1;1;1;1;2;74222;68953;5610;312;35;0,04741533;16057
1;201;3;33;1;1;-2;1;0;2;1;1;1;68592;63610;5197;315;34;0,038676159;15721
1;238;3;34;1;1;1;3;1;3;1;2;1;72688;66945;5523;341;41;0,043092522;18860
1;201;3;32;1;1;1;3;1;4;2;1;2;67636;63007;5189;334;38;0,038735787;17559
1;217;3;15;3;1;2;1;1;5;3;1;1;49315;45236;3764;246;35;0,057651435;16064
1;219;1;11;3;1;2;2;1;6;1;1;1;43087;41097;3520;287;36;0,062215909;16517
1;213;1;15;3;1;1;1;1;7;2;1;1;46579;43585;3699;247;30;0,057583131;13691
1;267;1;16;3;1;1;1;1;1;3;2;1;55433;50058;4131;241;31;0,064633261;14352
1;287;1;11;1;2;-1;1;1;2;1;2;1;55557;51191;4261;262;31;0,067355081;14330
1;274;1;13;1;2;-1;1;0;3;1;2;2;57901;52107;4386;289;36;0,0624715;16552
1;268;1;13;1;3;1;2;1;4;1;1;1;61611;55870;4714;351;40;0,05685193;18499
1;283;1;16;1;3;1;3;1;5;1;1;1;65222;60662;5066;313;37;0,055862614;17053
1;230;1;12;1;1;-2;1;1;6;2;1;1;46083;43498;3667;237;31;0,062721571;14162
1;276;2;15;1;1;-2;1;1;7;3;1;1;53228;50156;4248;305;36;0,064971751;16593
1;218;2;14;1;1;1;3;1;1;1;1;1;45648;42409;3541;192;26;0,06156453;11892
1;237;2;12;1;1;1;3;1;2;2;1;2;44827;42187;3599;214;27;0,065851625;12456
1;240;1;20;1;2;2;1;1;3;3;1;2;61637;55725;4625;304;36;0,051891892;16521
1;260;1;21;1;2;-1;2;1;4;1;2;2;64457;58202;4815;318;39;0,053997923;17857
1;214;1;23;1;3;-1;1;1;5;1;1;2;68853;63807;5348;279;32;0,040014959;14699
1;290;1;20;1;3;1;2;1;6;1;1;1;70919;64317;5319;325;39;0,054521527;17994
1;255;1;20;1;1;1;2;1;7;2;2;1;57376;51590;4324;273;32;0,058973173;14740
1;268;1;22;2;1;-2;2;1;1;3;2;1;62991;58701;4793;336;41;0,055914876;18912
1;270;3;22;2;1;-2;3;1;2;1;2;1;60925;55038;4491;243;29;0,06012024;13421
1;243;3;15;2;1;1;3;1;3;2;1;1;49450;44463;3711;197;28;0,065481002;12830
1;247;3;12;2;1;1;3;1;4;3;1;1;48611;45826;3730;225;32;0,066219839;14795
1;265;3;11;2;1;2;1;1;5;1;1;1;47554;44964;3665;250;31;0,072305593;14352
1;264;3;12;1;1;2;1;1;6;1;1;1;47916;44446;3668;280;35;0,071973828;16185
1;228;1;14;1;1;-1;1;1;1;1;1;1;48717;45092;3715;276;31;0,061372813;14320
1;257;1;16;1;1;-1;1;1;2;2;1;2;51647;46960;3840;223;29;0,066927083;13269
1;240;1;16;1;2;1;2;1;3;3;1;1;57113;51824;4305;329;42;0,055749129;19225
1;258;2;15;1;2;1;3;1;4;1;2;1;58745;54075;4508;290;34;0,057231588;15693
1;274;2;13;1;3;-2;1;1;5;2;1;1;60266;56088;4591;270;37;0,059681986;17019
1;218;2;13;1;3;-2;1;1;6;3;1;1;55788;50196;4236;302;41;0,051463645;18892
1;287;1;16;1;1;1;3;0;7;1;2;2;56802;53070;4407;294;33;0,065123667;15105
1;268;1;14;1;1;1;3;1;1;1;1;1;52419;47544;3939;260;32;0,068037573;14774
1;293;1;16;2;1;2;1;1;2;1;1;1;57541;53886;4442;325;39;0,065961279;17978
1;293;1;15;2;1;2;2;1;3;1;2;2;55273;50584;4236;327;38;0,069169027;17449
1;205;1;16;2;1;1;1;1;4;1;1;1;48814;45541;3882;264;33;0,052807831;15289
1;228;1;11;2;1;-1;1;1;5;2;1;1;43353;41054;3460;291;35;0,065895954;16003
1;214;3;15;2;1;-1;1;0;6;3;1;1;46545;43627;3558;228;29;0,06014615;13260
1;226;3;12;1;2;1;2;1;7;1;1;2;50455;46805;3939;271;33;0,057374968;15113
1;209;3;14;1;2;1;3;1;1;2;1;1;49872;46012;3858;311;38;0,054173147;17547
1;287;3;15;1;3;-2;1;1;2;3;2;1;64615;59057;4874;264;34;0,058883874;15550
1;234;3;14;3;3;-2;1;1;3;1;1;1;58950;53568;4528;278;34;0,051678445;15612
1;279;3;14;3;1;1;3;1;4;1;1;2;52763;49725;4061;231;28;0,06870229;12799
1;255;3;13;3;1;1;3;1;5;1;1;1;50281;45906;3885;309;35;0,065637066;16053
1;238;1;16;3;1;2;1;1;6;1;1;1;50809;46237;3761;293;38;0,063281042;17487
1;232;1;16;1;1;2;2;1;7;1;2;2;51952;48776;3992;236;30;0,058116232;13701
1;253;1;15;1;1;1;1;1;1;1;1;2;51567;47585;3875;231;26;0,065290323;11924
1;228;2;13;1;1;1;1;1;2;1;1;2;45531;41661;3484;197;26;0,065442021;11875
1;264;2;12;1;1;-1;1;1;3;2;1;2;48103;45464;3702;190;25;0,071312804;11421
1;264;2;14;1;2;-1;2;1;4;3;2;2;58055;53484;4495;332;42;0,058731924;19394
1;257;1;16;1;2;1;3;1;5;1;1;1;57527;53200;4425;287;32;0,058079096;14644
1;232;1;16;1;3;1;1;0;6;2;1;1;62265;56421;4761;329;41;0,048729259;18939
1;241;1;13;1;3;-2;1;1;7;3;1;1;59049;54401;4480;300;39;0,053794643;17917
1;244;1;11;1;1;-2;3;1;1;1;1;1;45028;42691;3560;197;25;0,068539326;11468
1;247;1;13;2;1;1;3;1;2;1;1;2;47378;43869;3611;283;32;0,068402105;14645
1;262;1;15;2;1;1;1;1;3;1;2;1;52933;49178;4152;289;33;0,063102119;15179
1;254;3;15;2;1;2;2;1;4;1;1;1;51642;47769;3988;204;25;0,063691073;11554
1;230;3;16;2;1;2;1;1;5;1;1;1;51863;46614;3972;259;33;0,057905337;15236
1;249;3;15;2;1;1;1;0;6;1;1;1;50345;45561;3836;224;27;0,064911366;12509
1;215;3;13;1;1;1;1;1;7;1;2;2;47060;42633;3544;205;25;0,060665914;11404
1;272;3;13;1;2;-1;1;1;1;1;1;1;56711;51957;4364;234;30;0,062328139;13850
1;234;3;14;1;2;-1;1;0;2;2;1;1;54176;49430;4040;297;36;0,057920792;16537
1;243;3;11;3;3;1;2;1;3;3;1;1;56407;51866;4385;278;40;0,055416192;18454
1;211;1;13;3;3;1;3;1;4;1;2;1;55479;51526;4202;325;41;0,050214184;18844
1;275;1;16;3;1;-2;1;1;5;2;1;2;56368;51134;4291;269;36;0,064087625;16506
1;226;1;13;3;1;-2;1;1;6;3;1;1;47130;44123;3724;266;36;0,060687433;16505
1;230;1;11;1;1;1;3;1;7;1;2;1;45689;42275;3593;267;31;0,064013359;14359
1;231;1;11;1;1;1;3;1;1;1;1;1;44616;40883;3416;260;29;0,067622951;13363
1;296;1;13;1;1;2;1;1;2;1;1;2;54439;50508;4110;279;34;0,072019465;15554
1;282;1;14;1;1;2;2;1;3;2;1;1;54380;50362;4160;294;35;0,067788462;16013
1;236;1;11;1;1;1;1;1;4;3;2;1;46551;42273;3501;259;32;0,067409312;14811
1;285;2;13;1;1;1;1;1;5;1;1;1;52556;48790;4121;243;31;0,069157971;14183
1;220;2;14;1;2;-1;1;1;6;2;1;1;53079;48220;4029;206;27;0,05460412;12310
1;259;2;15;1;2;-1;1;1;7;3;1;2;58096;54465;4444;259;33;0,058280828;15096
1;201;1;16;1;3;1;1;1;1;1;2;1;57576;52108;4383;267;33;0,045859001;15092
1;240;1;16;1;3;1;2;1;2;1;1;1;62581;57258;4803;282;34;0,04996877;15655
1;296;1;14;1;1;-2;3;1;3;1;1;1;53897;49789;4172;231;29;0,070949185;13285
1;290;1;13;2;1;-2;1;0;4;1;1;1;52674;49717;4047;291;36;0,071658018;16551
1;208;1;12;2;1;1;1;1;5;1;1;2;43416;39562;3301;251;33;0,063011209;15251
1;241;1;11;2;1;1;3;1;6;1;1;1;44767;41552;3548;208;28;0,067925592;12852
1;216;3;15;2;1;2;3;1;7;1;2;1;48124;43406;3587;192;25;0,060217452;11517
1;256;3;11;2;1;2;1;1;1;2;1;1;47513;44978;3726;256;30;0,068706388;13709
1;283;3;15;1;1;1;2;1;2;3;2;2;54153;50057;4195;287;36;0,067461263;16634
1;241;3;11;1;1;1;1;1;3;1;2;1;45532;42598;3614;190;24;0,066685113;10943
1;257;3;13;1;2;1;1;0;4;2;1;1;53720;49470;4044;221;28;0,06355094;12876
1;203;3;15;3;2;-1;1;1;5;3;1;1;51818;47716;3908;262;38;0,051944729;17410
1;221;3;14;3;3;-1;1;1;6;1;1;2;58604;52722;4330;297;40;0,051039261;18391
1;246;1;12;3;3;1;1;1;7;1;2;1;59390;55334;4540;248;31;0,054185022;14256
1;293;1;32;3;1;1;2;1;1;1;1;1;76152;69597;5646;320;39;0,051895147;17848
1;274;1;32;1;1;-2;3;1;2;1;2;1;73434;68030;5634;383;42;0,048633298;19307
1;248;1;33;1;1;-2;1;1;3;1;1;2;72449;66879;5581;300;37;0,044436481;16974
1;293;2;32;1;1;1;1;1;4;1;1;1;76433;68928;5638;294;35;0,051968783;16109
1;264;2;30;1;1;1;3;0;5;1;1;1;71330;64917;5356;335;40;0,049290515;18357
1;208;2;35;1;1;2;3;1;6;1;1;2;71234;65229;5393;373;43;0,038568515;19849
1;263;1;30;1;1;2;1;0;7;1;1;1;70542;65279;5405;299;33;0,048658649;15149
1;203;1;32;1;1;1;2;1;1;1;2;1;67311;61591;5077;325;35;0,039984243;16004
1;277;1;34;1;1;1;1;1;2;2;1;1;77353;69545;5659;317;37;0,048948577;17084
1;292;1;32;1;2;1;1;1;3;3;1;2;81163;75164;6244;422;48;0,046764894;22025
1;225;1;30;2;2;-1;1;0;4;1;1;1;71362;66278;5431;309;39;0,041428834;17996
1;203;1;30;2;3;-1;1;1;5;2;1;2;74779;67672;5631;405;48;0,036050435;22137
1;263;3;34;2;3;1;2;1;6;3;2;1;86689;80046;6485;361;47;0,040555127;21724
1;250;3;32;2;1;1;3;1;7;1;1;1;71252;64505;5269;357;43;0,047447333;19724
1;230;3;35;2;1;-2;1;1;1;1;1;2;72692;66989;5530;397;46;0,04159132;21175
1;290;3;31;1;1;-2;1;0;2;1;1;1;75704;70241;5727;373;41;0,050637332;18814
1;272;3;35;1;1;1;3;1;3;1;2;1;79476;71578;5808;296;36;0,046831956;16553
1;260;3;32;1;1;1;3;1;4;2;1;2;73019;67913;5562;340;40;0,046745775;18314
1;285;3;12;3;1;2;1;1;5;3;1;1;52248;48345;3927;289;39;0,072574484;17997
1;214;1;11;3;1;2;2;1;6;1;1;1;42079;38190;3136;170;25;0,068239796;11465
1;259;1;13;3;1;1;1;1;7;2;1;1;49039;44222;3690;292;37;0,070189702;16976
1;228;1;12;3;1;1;1;1;1;3;2;1;46633;42016;3549;259;36;0,064243449;16660
1;209;1;11;1;2;-1;1;1;2;1;2;1;46147;42333;3568;247;28;0,058576233;12982
1;259;1;12;1;2;-1;1;0;3;1;2;2;53828;49083;4086;286;35;0,063387176;16146
1;215;1;15;1;3;1;2;1;4;1;1;1;57770;53772;4530;273;33;0,047461369;15198
1;216;1;14;1;3;1;3;1;5;1;1;1;56076;51498;4182;316;38;0,051649928;17550
1;299;1;13;1;1;-2;1;1;6;2;1;1;54861;51628;4320;325;39;0,069212963;17977
1;233;2;13;1;1;-2;1;1;7;3;1;1;47713;43876;3635;223;28;0,064099037;12839
1;271;2;14;1;1;1;3;1;1;1;1;1;53213;49342;4076;249;28;0,066486752;12816
1;209;2;12;1;1;1;3;1;2;2;1;2;42648;38291;3152;172;23;0,066307107;10573
1;265;1;22;1;2;2;1;1;3;3;1;2;67620;61614;5029;332;39;0,052694373;17949
1;292;1;25;1;2;-1;2;1;4;1;2;2;72210;65964;5518;361;44;0,052917724;20142
1;275;1;24;1;3;-1;1;1;5;1;1;2;74731;68067;5638;399;45;0,048776162;20711
1;239;1;24;1;3;1;2;1;6;1;1;1;71695;65084;5434;331;40;0,043982333;18351
1;203;1;20;1;1;1;2;1;7;2;2;1;51877;48068;4080;260;30;0,049754902;13692
1;231;1;24;2;1;-2;2;1;1;3;2;1;61904;57290;4685;307;39;0,049306297;17883
1;205;3;20;2;1;-2;3;1;2;1;2;1;54358;48847;4024;219;27;0,050944334;12481
1;296;3;15;2;1;1;3;1;3;2;1;1;54917;49636;4057;303;36;0,072960316;16588
1;207;3;14;2;1;1;3;1;4;3;1;1;44555;42178;3522;212;27;0,058773424;12393
1;214;3;13;2;1;2;1;1;5;1;1;1;46180;42351;3613;203;25;0,059230556;11565
1;209;3;15;1;1;2;1;1;6;1;1;1;45811;42962;3530;195;22;0,059206799;10012
1;205;1;15;1;1;-1;1;1;1;1;1;1;46099;43506;3592;265;29;0,057071269;13437
1;279;1;13;1;1;-1;1;1;2;2;1;2;50070;46363;3867;235;31;0,072148953;14350
1;257;1;12;1;2;1;2;1;3;3;1;1;54622;49631;4207;322;40;0,061088662;18417
1;279;2;11;1;2;1;3;1;4;1;2;1;53994;49794;4103;274;35;0,067999025;16075
1;257;2;16;1;3;-2;1;1;5;2;1;1;63282;58229;4773;312;40;0,053844542;18490
1;298;2;15;1;3;-2;1;1;6;3;1;1;65466;60688;5089;313;40;0,058557673;18444
1;214;1;12;1;1;1;3;0;7;1;2;2;43742;41318;3507;229;27;0,061020816;12342
1;290;1;13;1;1;1;3;1;1;1;1;1;51972;48260;3945;315;35;0,073510773;16192
1;201;1;13;2;1;2;1;1;2;1;1;1;44992;40576;3340;275;32;0,060179641;14620
1;212;1;12;2;1;2;2;1;3;1;2;2;42871;39462;3276;274;33;0,064713065;15198
1;273;1;14;2;1;1;1;1;4;1;1;1;50976;47752;4041;242;28;0,067557535;12890
1;293;1;16;2;1;-1;1;1;5;2;1;1;57200;52683;4427;331;38;0,066184775;17396
1;265;3;13;2;1;-1;1;0;6;3;1;1;48955;45654;3811;312;37;0,069535555;16967
1;205;3;15;1;2;1;2;1;7;1;1;2;50560;46785;3890;251;32;0,052699229;14811
1;221;3;13;1;2;1;3;1;1;2;1;1;50422;46139;3916;246;29;0,056435138;13359
1;297;3;15;1;3;-2;1;1;2;3;2;1;66680;61267;5075;334;43;0,058522167;19852
1;282;3;11;3;3;-2;1;1;3;1;1;1;60303;55198;4546;262;37;0,062032556;17057
1;264;3;15;3;1;1;3;1;4;1;1;2;53183;48160;4061;296;36;0,065008619;16535
1;272;3;13;3;1;1;3;1;5;1;1;1;51341;47170;3944;290;34;0,068965517;15684
1;230;1;11;3;1;2;1;1;6;1;1;1;45426;43153;3526;254;33;0,065229722;15154
1;242;1;11;1;1;2;2;1;7;1;2;2;46456;43850;3758;198;24;0,064395955;10970
1;213;1;13;1;1;1;1;1;1;1;1;2;45421;42174;3465;265;33;0,061471861;15143
1;223;2;15;1;1;1;1;1;2;1;1;2;47254;43668;3663;292;33;0,060879061;15262
1;247;2;12;1;1;-1;1;1;3;2;1;2;48446;45128;3728;228;30;0,066255365;13773
1;207;2;12;1;2;-1;2;1;4;3;2;2;50353;46483;3951;260;33;0,0523918;15206
1;292;1;13;1;2;1;3;1;5;1;1;1;58314;53862;4441;341;38;0,065750957;17456
1;238;1;13;1;3;1;1;0;6;2;1;1;57022;53605;4500;287;38;0,052888889;17540
1;234;1;15;1;3;-2;1;1;7;3;1;1;59497;53521;4355;267;34;0,053731343;15576
1;291;1;14;1;1;-2;3;1;1;1;1;1;54442;49012;4150;230;28;0,070120482;12783
1;259;1;13;2;1;1;3;1;2;1;1;2;50989;46257;3770;235;29;0,068700265;13265
1;257;1;14;2;1;1;1;1;3;1;2;1;51614;47562;3867;309;34;0,066459788;15653
1;299;3;11;2;1;2;2;1;4;1;1;1;51310;46149;3833;211;26;0,078006783;11850
1;218;3;16;2;1;2;1;1;5;1;1;1;48666;43866;3645;225;29;0,059807956;13258
1;206;3;12;2;1;1;1;0;6;1;1;1;42821;40745;3413;194;27;0,060357457;12490
1;221;3;15;1;1;1;1;1;7;1;2;2;48252;45296;3828;303;36;0,057732497;16648
1;219;3;13;1;2;-1;1;1;1;1;1;1;51865;47604;3993;256;31;0,05484598;14288
1;289;3;14;1;2;-1;1;0;2;2;1;1;59478;54790;4567;257;32;0,063280053;14753
1;265;3;13;3;3;1;2;1;3;3;1;1;60334;54477;4556;268;38;0,058165057;17404
1;248;1;16;3;3;1;3;1;4;1;2;1;64061;58600;4890;262;33;0,050715746;15147
1;226;1;12;3;1;-2;1;1;5;2;2;2;45344;42171;3612;265;33;0,062569214;15262
1;223;1;13;3;1;-2;1;1;6;3;2;2;48214;44530;3706;283;36;0,060172693;16650
1;270;1;12;1;1;1;3;1;7;3;2;2;48906;44231;3694;275;35;0,0730915;16000
1;221;1;13;1;1;1;3;1;1;3;2;2;46597;43815;3591;185;27;0,061542746;12348
1;300;1;12;1;1;2;1;1;2;3;2;2;51516;46586;3817;208;27;0,078595756;12361
1;266;1;13;1;1;2;2;1;3;3;2;2;49496;46255;3897;225;30;0,068257634;13869
1;227;1;16;1;1;1;1;1;4;3;2;2;50850;46192;3889;223;30;0,058369761;13754
1;234;2;14;1;1;1;1;1;5;3;2;2;48720;43860;3704;254;33;0,063174946;15192
1;232;2;16;1;2;-1;1;1;6;3;2;2;57380;51914;4267;294;35;0,054370752;16020
1;272;2;12;1;2;-1;1;1;7;3;2;2;56619;51127;4283;274;36;0,063506888;16670
1;226;1;15;1;3;1;1;1;1;3;2;2;59105;54165;4453;266;37;0,050752302;16956
1;295;1;15;1;3;1;2;1;2;3;2;2;65715;59139;4818;256;33;0,061228726;15174
1;253;1;13;1;1;-2;3;1;3;3;2;2;48638;45581;3836;303;36;0,065954119;16623
1;209;1;11;2;1;-2;1;0;4;3;2;1;43638;41286;3411;255;33;0,061272354;15130
1;291;1;12;2;1;1;1;1;5;3;2;2;52080;47335;4027;294;36;0,07226223;16519
1;294;1;14;2;1;1;3;1;6;3;2;1;56481;51126;4261;250;34;0,068997888;15624
1;202;3;16;2;1;2;3;1;7;3;2;1;48185;45587;3834;261;32;0,052686489;14697
1;287;3;12;2;1;2;1;1;1;3;1;1;51875;47916;4079;217;28;0,070360382;12832
1;243;3;11;1;1;1;2;1;2;3;2;2;44820;40326;3314;257;32;0,073325287;14653
1;247;3;12;1;1;1;1;1;3;3;2;1;48331;45661;3823;249;32;0,064608946;14774
1;277;3;11;1;2;1;1;0;4;3;1;1;54065;50124;4161;325;42;0,066570536;19371
1;287;3;11;3;2;-1;1;1;5;3;1;1;56207;52626;4312;233;32;0,066558442;14812
1;218;3;15;3;3;-1;1;1;6;3;1;2;57467;53499;4485;279;37;0,048606466;17056
1;282;1;13;3;3;1;1;1;7;3;2;1;63615;58658;4834;349;43;0,058336781;19859
1;282;1;32;3;1;1;2;1;1;3;1;1;76842;69989;5846;304;37;0,048238112;17035
1;236;1;35;1;1;-2;3;1;2;3;2;1;73959;68067;5614;324;39;0,042037763;17869
1;245;1;31;1;1;-2;1;1;3;3;1;2;70831;65222;5397;285;33;0,04539559;15116
1;268;2;34;1;1;1;1;1;4;3;1;1;77749;70302;5794;301;35;0,046254746;15992
1;246;2;31;1;1;1;3;0;5;3;1;1;69414;63641;5288;359;42;0,046520424;19328
1;261;2;33;1;1;2;3;1;6;3;1;2;75823;69043;5720;358;44;0,045629371;20341
1;291;1;35;1;1;2;1;0;7;3;1;1;80281;73122;5953;413;49;0,048882916;22448
1;256;1;33;1;1;1;2;1;1;3;2;1;74339;67791;5485;287;33;0,046672744;15103
1;239;1;31;1;1;1;1;1;2;3;1;1;70405;64696;5333;364;44;0,044815301;20229
1;275;1;31;1;2;1;1;1;3;3;1;2;78923;72523;6023;326;41;0,04565831;18756
1;250;1;34;2;2;-1;1;0;4;3;1;1;80875;74589;6102;396;48;0,040970174;22151
1;213;1;32;2;3;-1;1;1;5;3;1;2;80426;73261;6005;370;47;0,035470441;21625
1;274;3;33;2;3;1;2;1;6;3;2;1;87067;80229;6594;442;52;0,041552927;24029
1;235;3;31;2;1;1;3;1;7;1;1;1;68169;61427;5112;357;42;0,045970266;19268
1;238;3;32;2;1;-2;1;1;1;1;1;2;71574;65749;5356;343;39;0,044436146;17944
1;298;3;35;1;1;-2;1;0;2;1;1;1;79274;73331;6022;335;38;0,049485221;17577
1;215;3;33;1;1;1;3;1;3;1;2;1;69915;65038;5421;297;36;0,039660579;16527
1;245;3;30;1;1;1;3;1;4;2;1;2;69727;65015;5275;361;43;0,046445498;19762
1;265;3;15;3;1;2;1;1;5;3;1;1;52789;48466;3974;230;30;0,066683442;13877
1;234;1;15;3;1;2;2;1;6;1;1;1;48205;45164;3830;209;27;0,061096606;12379
1;275;1;12;3;1;1;1;1;7;2;1;1;50157;45619;3863;218;28;0,071188196;12808
1;270;1;16;3;1;1;1;1;1;3;2;1;54208;50400;4107;250;32;0,065741417;14650
1;257;1;15;1;2;-1;1;1;2;1;2;1;56966;52953;4358;283;33;0,058972006;15126
1;250;1;11;1;2;-1;1;0;3;1;2;2;53041;49650;4136;297;35;0,060444874;16037
1;297;1;13;1;3;1;2;1;4;1;2;1;64530;58300;4887;325;40;0,060773481;18454
1;281;1;15;1;3;1;3;1;5;1;2;1;64748;58551;4842;314;36;0,05803387;16457
1;236;1;11;1;1;-2;1;1;6;2;2;1;45221;41267;3543;201;27;0,066610217;12363
1;292;2;11;1;1;-2;1;1;7;2;2;1;50041;46314;3837;260;30;0,076101121;13784
1;267;2;13;1;1;1;3;1;1;2;2;1;50891;47023;3848;240;29;0,069386694;13434
1;213;2;14;1;1;1;3;1;2;2;2;2;46434;43536;3729;208;28;0,057119871;12908
1;201;1;22;1;2;2;1;1;3;2;2;2;61273;55467;4675;327;40;0,042994652;18336
1;216;1;25;1;2;-1;2;1;4;2;2;2;65480;60919;4981;266;33;0,043364786;15205
1;221;1;24;1;3;-1;1;1;5;2;2;2;69160;62316;5221;313;40;0,042329056;18474
1;206;1;24;1;3;1;2;1;6;2;2;1;67457;62684;5199;308;40;0,039623004;18423
1;247;1;22;1;3;1;2;1;7;2;2;1;69876;64951;5351;377;43;0,046159596;19721
1;276;1;22;2;3;-2;2;1;1;2;2;1;74581;68587;5630;392;49;0,049023091;22483
1;300;3;20;2;3;-2;3;1;2;2;2;1;72880;67009;5463;332;42;0,054914882;19238
1;277;3;11;2;3;1;3;1;3;2;1;1;58391;54093;4439;284;36;0,062401442;16671
1;263;3;13;2;1;1;3;1;4;2;1;1;49053;44067;3698;258;31;0,071119524;14327
1;287;3;13;2;1;2;1;1;5;2;1;1;52546;48272;4044;218;29;0,070969337;13326
1;218;3;14;1;1;2;1;1;6;2;1;1;47318;42985;3568;219;28;0,061098655;12852
1;289;1;11;1;1;-1;1;1;1;2;1;1;49604;44589;3784;279;33;0,076374207;15085
1;209;1;11;1;1;-1;1;1;2;2;1;2;42843;40250;3351;208;26;0,062369442;11899
1;266;1;15;1;2;1;2;1;3;2;1;2;57494;53872;4454;319;38;0,059721599;17471
1;299;2;16;1;2;1;3;1;4;2;2;2;63651;59460;4849;326;40;0,061662198;18495
1;210;2;16;1;3;-2;1;1;5;2;1;2;57681;52052;4397;276;33;0,047759836;15287
1;204;2;16;1;3;-2;1;1;6;3;1;2;57046;52427;4291;287;39;0,047541366;17997
1;213;1;11;1;1;1;3;0;7;1;2;2;43108;40299;3340;259;32;0,063772455;14762
1;215;1;13;1;1;1;3;1;1;1;1;2;45003;40703;3499;197;26;0,061446127;12062
1;250;1;13;2;1;2;1;1;2;1;1;2;49146;45380;3766;203;26;0,066383431;12054
1;203;1;15;2;1;2;2;1;3;1;2;2;48151;43372;3589;245;32;0,056561716;14824
1;226;1;14;2;1;1;1;1;4;1;1;2;48509;45627;3755;283;35;0,060186418;16186
1;269;1;16;2;1;-1;1;1;5;2;1;2;53145;49005;4017;274;35;0,066965397;16086
1;280;3;13;2;1;-1;1;0;6;3;1;2;52073;47180;3985;310;41;0,070263488;18929
1;240;3;13;1;2;1;2;1;7;1;1;2;52240;49112;4041;249;31;0,05939124;14312
1;272;3;11;1;2;1;3;1;1;2;1;1;52891;49474;4090;325;37;0,066503667;16917
1;227;3;15;1;3;-2;1;1;2;3;2;1;58538;54012;4449;253;35;0,051022702;16009
1;293;3;11;3;3;-2;1;1;3;1;1;1;60819;55153;4561;242;35;0,064240298;16166
1;246;3;16;3;1;1;3;1;4;1;1;2;51079;47217;3940;241;33;0,062436548;15269
1;224;3;13;3;1;1;3;1;5;1;1;1;46665;42015;3530;199;28;0,063456091;12957
1;285;1;15;3;1;2;1;1;6;1;1;1;54499;49597;4053;316;38;0,070318283;17393
1;281;1;13;1;1;2;2;1;7;1;2;2;50755;47715;3990;307;36;0,070426065;16664
1;233;1;16;1;1;1;1;1;1;1;1;2;50506;47409;3857;236;28;0,060409645;12797
1;207;2;16;1;1;1;1;1;2;1;1;2;47680;43779;3575;288;32;0,057902098;14753
1;271;2;11;1;1;-1;1;1;3;2;1;2;48010;45339;3728;229;28;0,072693133;12895
1;240;2;12;1;2;-1;2;1;4;3;2;2;51646;48343;3974;215;30;0,060392552;13726
1;244;1;12;1;2;1;3;1;5;1;1;1;52928;47636;4059;269;33;0,060113328;15071
1;246;1;16;1;3;1;1;0;6;2;1;1;63734;58446;4876;332;40;0,050451189;18501
1;213;1;13;1;3;-2;1;1;7;3;1;1;56832;53357;4340;245;31;0,049078341;14186
1;201;1;13;1;1;-2;3;1;1;1;1;1;42435;39645;3236;188;23;0,062113721;10610
1;262;1;12;2;1;1;3;1;2;1;1;2;47781;45178;3806;236;30;0,068838676;13798
1;213;1;16;2;1;1;1;1;3;1;2;1;48289;45304;3841;260;34;0,055454309;15557
1;291;3;14;2;1;2;2;1;4;1;1;1;53892;49058;4110;247;29;0,07080292;13283
1;205;3;15;2;1;2;1;1;5;1;1;1;46904;44045;3753;257;32;0,054622968;14701
1;229;3;15;2;1;1;1;0;6;1;1;1;48001;45152;3842;316;39;0,059604373;17901
1;215;3;12;1;1;1;1;1;7;1;2;2;44846;41468;3513;212;25;0,061201252;11517
1;220;3;11;1;2;-1;1;1;1;1;1;1;48232;45055;3757;261;33;0,05855736;15257
1;208;3;16;1;2;-1;1;0;2;2;1;1;54626;51281;4180;289;37;0,049760766;17072
1;249;3;12;3;3;1;2;1;3;3;1;1;57288;53426;4433;226;33;0,056169637;15249
1;216;1;12;3;3;1;3;1;4;1;2;1;54867;51457;4342;313;42;0,049746661;19355
1;257;1;13;3;3;-2;1;1;5;2;1;2;58948;53341;4384;236;35;0,058622263;16073
1;284;1;14;3;3;-2;1;1;6;3;1;1;65020;59088;4893;329;45;0,058042101;20649
1;226;1;15;1;3;1;3;1;7;1;2;1;61079;56443;4664;321;40;0,048456261;18432
1;248;1;14;1;3;1;3;1;1;1;1;1;59212;54393;4595;275;36;0,053971708;16556
1;243;1;14;1;3;2;3;1;2;1;1;2;60799;56696;4644;355;44;0,052325581;20178
1;287;1;15;1;3;2;3;1;3;2;1;1;64306;59935;4972;274;36;0,05772325;16511
1;259;1;12;1;3;1;3;1;4;3;2;1;59507;54998;4488;245;32;0,057709447;14748
1;288;2;14;1;3;1;3;1;5;1;1;1;62795;56734;4699;342;42;0,061289636;19223
1;206;2;11;1;3;-1;3;1;6;2;1;1;51403;47298;3861;227;28;0,053354053;12884
1;253;2;16;1;3;-1;3;1;7;3;1;2;63453;57362;4756;310;39;0,053195963;17992
1;243;1;13;1;3;1;3;1;1;1;2;1;58592;54631;4498;316;38;0,054024011;17564
1;213;1;15;1;3;1;3;1;2;1;1;1;56784;52535;4322;232;29;0,049282739;13303
1;224;1;16;1;1;-2;3;1;3;1;1;1;48437;45673;3726;254;30;0,060118089;13811
1;284;1;12;2;2;-2;3;0;4;1;1;1;56952;52485;4373;266;33;0,064943974;15154
1;240;1;15;2;2;1;3;1;5;1;1;2;54704;50812;4209;220;27;0,05702067;12502
1;268;1;16;2;2;1;3;1;6;1;1;1;59360;55658;4598;336;38;0,058286211;17429
1;247;3;16;2;2;2;3;1;7;1;2;1;56869;51688;4214;238;32;0,058614143;14712
1;283;3;11;2;2;2;3;1;1;2;1;1;54355;49584;4103;321;40;0,068973922;18495
1;256;3;13;1;2;1;3;1;2;3;2;2;56140;51998;4227;294;35;0,060563047;15999
1;211;3;14;1;2;1;1;1;3;1;2;1;50959;47853;4044;319;37;0,052176063;17118
1;236;3;13;1;2;1;1;0;4;2;1;1;52232;48884;3997;310;39;0,059044283;18042
1;273;3;15;3;2;-1;1;1;5;3;1;1;58784;54996;4551;345;46;0,059986816;21247
1;275;3;11;3;3;-1;1;1;6;1;1;2;60167;56408;4591;327;41;0,059899804;18935
1;296;1;12;3;3;1;1;1;7;1;2;1;63936;59471;4883;365;45;0,060618472;20649
1;270;1;34;3;1;1;2;1;1;1;1;1;75263;69978;5848;410;47;0,046169631;21558
1;225;1;30;3;1;-2;3;1;2;1;2;1;67635;61803;5020;310;39;0,044820717;17913
1;289;1;34;3;1;-2;1;1;3;1;1;2;79756;73347;6081;360;45;0,047525078;20620
1;251;2;31;3;1;1;1;1;4;1;1;1;72187;65792;5444;314;40;0,046105805;18372
1;262;2;33;3;1;1;3;0;5;1;1;1;75766;69166;5690;409;49;0,046045694;22584
1;296;2;34;3;1;2;3;1;6;1;1;2;80768;73366;6070;342;43;0,048764415;19740
1;280;1;35;3;1;2;1;0;7;1;1;1;80055;72981;6005;412;46;0,04662781;21145
1;247;1;35;3;1;1;2;1;1;1;2;1;75696;68140;5566;391;46;0,044376572;21164
1;258;1;32;3;1;1;1;1;2;2;1;1;71647;66100;5350;330;41;0,048224299;18873
1;203;1;30;3;2;1;1;1;3;3;1;2;70946;66155;5506;302;42;0,03686887;19423
1;217;1;31;3;2;-1;1;0;4;1;1;1;72732;67004;5580;354;45;0,038888889;20607
1;246;1;31;2;3;-1;1;1;5;2;1;2;81654;74773;6101;406;50;0,040321259;23086
1;281;3;32;2;3;1;2;1;6;3;2;1;86680;78448;6343;328;42;0,044300804;19406
1;234;3;33;2;1;1;3;1;7;1;1;1;70794;65265;5417;359;43;0,043197342;19701
1;264;3;35;2;1;-2;1;1;1;1;1;2;76140;69491;5675;381;42;0,046519824;19255
1;247;3;70;1;1;-2;1;0;2;1;1;1;118144;107058;8647;506;53;0,02856482;24401
1;218;3;72;1;1;1;3;1;3;1;2;1;118122;107197;8809;525;57;0,024747417;26269
1;280;3;74;1;1;1;3;1;4;2;1;2;125985;115108;9408;581;66;0,029761905;30391
1;284;3;75;1;1;2;1;1;5;3;1;1;127838;116936;9489;535;61;0,029929392;28122
1;222;1;74;1;1;2;2;1;6;1;1;1;121718;111755;9057;462;50;0,024511428;22986
1;248;1;71;1;1;1;1;1;7;2;1;1;121311;109159;8794;527;59;0,028201046;27054
1;211;1;74;1;1;1;1;1;1;3;2;1;119930;109510;8923;522;61;0,023646756;28079
1;283;1;72;1;2;-1;1;1;2;1;2;1;129874;117450;9485;565;60;0,029836584;27666
1;207;1;70;1;2;-1;1;0;3;1;2;2;120543;109845;8891;451;49;0,023281971;22623
1;208;1;73;1;3;1;2;1;4;1;1;1;128526;117037;9515;510;59;0,021860221;27093
1;270;1;71;1;3;1;3;1;5;1;1;1;133720;121494;9789;522;58;0,02758198;26702
1;267;1;73;1;1;-2;1;1;6;2;1;1;125199;114358;9226;532;61;0,028939952;28000
1;257;2;75;1;1;-2;1;1;7;3;1;1;127032;114376;9329;515;56;0,027548505;25654
1;264;2;70;1;1;1;3;1;1;1;1;1;118861;109022;8799;548;61;0,030003409;28036
1;222;2;70;1;1;1;3;1;2;2;1;2;117538;106959;8784;466;50;0,025273224;22986
1;246;1;70;1;2;2;1;1;3;3;1;2;123081;111500;9061;537;60;0,027149321;27494
1;205;1;75;1;2;-1;2;1;4;1;2;2;126761;116114;9424;509;55;0,021752971;25214
1;213;1;73;1;3;-1;1;1;5;1;1;2;128007;115923;9338;473;56;0,022810024;25759
1;244;1;70;1;3;1;2;1;6;1;1;1;127529;116851;9554;518;59;0,025539041;27042
1;217;1;70;1;1;1;2;1;7;2;2;1;117472;106151;8655;485;56;0,025072213;25812
1;261;1;72;2;1;-2;2;1;1;3;2;1;122400;110687;9094;559;61;0,028700242;28045
1;256;3;75;2;1;-2;3;1;2;1;2;1;125740;115415;9314;566;64;0,027485506;29371
1;312;3;115;2;1;1;3;1;3;2;1;1;179750;161921;13088;702;75;0,023838631;34480
1;250;3;112;2;1;1;3;1;4;3;1;1;170505;154245;12514;732;79;0,019977625;36245
1;312;3;111;2;1;2;1;1;5;1;1;1;174780;158874;12908;739;80;0,024171057;36867
1;339;3;113;1;1;2;1;1;6;1;1;1;181693;165229;13348;735;79;0,025397063;36347
1;226;1;13;1;1;-1;1;1;1;1;1;1;46270;42920;3591;262;30;0,062935116;13859
1;219;1;13;1;1;-1;1;1;2;2;1;2;47007;43595;3564;268;32;0,061447811;14726
1;267;1;15;1;2;1;2;1;3;3;1;1;57056;51275;4231;227;31;0,063105649;14207
1;275;2;14;1;2;1;3;1;4;1;2;1;56982;52612;4406;312;39;0,062414889;18044
1;284;2;14;1;3;-2;1;1;5;2;1;1;62435;58072;4860;338;41;0,058436214;18906
1;229;2;11;1;3;-2;1;1;6;3;1;1;53406;49100;4164;234;30;0,054995197;13907
1;241;1;12;1;1;1;3;0;7;1;2;2;47550;42958;3626;253;31;0,066464424;14246
1;273;1;15;1;1;1;3;1;1;1;1;1;52337;47500;3979;260;30;0,068610204;13863
1;214;1;16;2;1;2;1;1;2;1;1;1;49387;46111;3761;291;37;0,056899761;17085
1;257;1;11;2;1;2;2;1;3;1;2;2;48777;45239;3747;254;31;0,068588204;14332
1;223;1;11;2;1;1;1;1;4;1;1;1;43009;38640;3181;211;28;0,070103741;12815
1;264;1;16;2;1;-1;1;1;5;2;1;1;54968;50406;4114;312;37;0,064171123;16995
1;287;3;16;2;1;-1;1;0;6;3;1;1;56135;50513;4212;228;28;0,068138651;12867
1;272;3;11;1;2;1;2;1;7;1;1;2;52731;47516;4049;316;39;0,067177081;17988
1;264;3;14;1;2;1;3;1;1;2;1;1;57594;52158;4390;261;33;0,060136674;15284
1;219;3;16;1;3;-2;1;1;2;3;2;1;59668;53825;4414;268;37;0,049614862;17005
1;260;3;13;3;3;-2;1;1;3;1;1;1;61792;55701;4593;293;37;0,056607882;16943
1;228;3;16;3;1;1;3;1;4;1;1;2;51035;46317;3870;280;37;0,058914729;17060
1;227;3;13;3;1;1;3;1;5;1;1;1;46358;42110;3598;272;36;0,063090606;16499
1;275;1;16;3;1;2;1;1;6;1;1;1;55185;51578;4189;236;31;0,065648126;14268
1;229;1;12;1;1;2;2;1;7;1;2;2;45405;42163;3436;217;24;0,066647264;11034
1;261;1;14;1;1;1;1;1;1;1;1;2;52073;48745;3984;245;29;0,065512048;13440
1;239;2;16;1;1;1;1;1;2;1;1;2;52473;47415;3896;210;24;0,061344969;10961
1;200;2;16;1;1;-1;1;1;3;2;1;2;48218;45004;3831;249;29;0,05220569;13354
1;235;2;14;1;2;-1;2;1;4;3;2;2;55039;49613;4107;234;31;0,057219382;14217
1;273;1;15;1;2;1;3;1;5;1;1;1;58904;53039;4487;264;30;0,060842434;13889
1;217;1;12;1;3;1;1;0;6;2;1;1;55005;50255;4120;241;34;0,052669903;15683
1;287;1;15;1;3;-2;1;1;7;3;1;1;66729;60497;5027;350;43;0,057091705;19763
1;259;1;12;1;1;-2;3;1;1;1;1;1;49422;44481;3658;212;28;0,070803718;12859
1;292;1;12;2;1;1;3;1;2;1;1;2;51166;46430;3792;225;29;0,077004219;13425
1;235;1;12;2;1;1;1;1;3;1;2;1;45383;42984;3619;288;32;0,064935065;14757
1;247;3;11;2;1;2;2;1;4;1;1;1;46226;42931;3660;233;30;0,067486339;13761
1;299;3;15;2;1;2;1;1;5;1;1;1;56385;53081;4390;314;37;0,068109339;17083
1;240;3;11;2;1;1;1;0;6;1;1;1;46426;42098;3489;221;29;0,068787618;13383
1;243;3;16;1;1;1;1;1;7;1;2;2;53471;50106;4093;291;35;0,059369656;16115
1;221;3;11;1;2;-1;1;1;1;1;1;1;49006;46194;3888;284;34;0,056841564;15720
1;275;3;13;1;2;-1;1;0;2;2;1;1;56875;52745;4387;254;31;0,062685206;14337
1;213;3;13;3;3;1;2;1;3;3;1;1;57376;52367;4269;230;33;0,049894589;15254
1;282;1;12;3;3;1;3;1;4;1;2;1;61552;56096;4693;269;35;0,060089495;16146
1;224;1;16;3;1;-2;1;1;5;2;1;2;50378;45744;3795;252;32;0,059025033;14828
1;241;1;12;3;1;-2;1;1;6;3;1;1;46434;42013;3570;217;30;0,067507003;13901
1;201;1;11;1;1;1;3;1;7;1;2;1;40442;36480;3163;257;30;0,063547265;13849
1;280;1;11;1;1;1;3;1;1;1;1;1;49976;45816;3763;287;33;0,074408716;15231
1;278;1;14;1;1;2;1;1;2;1;1;2;51142;47951;4050;287;31;0,068641975;14284
1;297;1;16;1;1;2;2;1;3;2;1;1;57302;52138;4421;266;34;0,067179371;15562
1;246;1;16;1;1;1;1;1;4;3;2;1;53604;49342;4012;213;30;0,061316052;13762
1;290;2;14;1;1;1;1;1;5;1;1;1;52823;47977;4055;222;27;0,071516646;12313
1;213;2;14;1;2;-1;1;1;6;2;1;1;52898;48738;3983;224;28;0,053477278;12787
1;250;2;13;1;2;-1;1;1;7;3;1;2;55445;51786;4245;294;37;0,058892815;16911
1;206;1;16;1;3;1;1;1;1;1;2;1;59701;55466;4655;244;33;0,044253491;15198
1;209;1;16;1;3;1;2;1;2;1;1;1;58061;52172;4308;316;40;0,048514392;18296
1;231;1;14;1;1;-2;3;1;3;1;1;1;48347;45657;3724;232;27;0,062030075;12426
1;206;1;15;2;1;-2;1;0;4;1;1;1;45388;43145;3681;203;26;0,055963054;12022
1;241;1;14;2;1;1;1;1;5;1;1;2;49527;44826;3769;198;25;0,06394269;11423
1;257;1;11;2;1;1;3;1;6;1;1;1;46976;42541;3521;273;34;0,072990628;15560
1;290;3;16;2;1;2;3;1;7;1;2;1;56712;51271;4262;301;38;0,068043172;17429
1;271;3;11;2;1;2;1;1;1;2;1;1;48726;44615;3708;252;30;0,073085221;13777
1;282;3;11;1;1;1;2;1;2;3;2;2;50039;47272;4016;234;31;0,070219124;14281
1;286;3;14;1;1;1;1;1;3;1;2;1;54415;50609;4282;335;38;0,066791219;17540
1;243;3;11;1;2;1;1;0;4;2;1;1;50330;46150;3782;272;34;0,064251719;15660
1;236;3;13;3;2;-1;1;1;5;3;1;1;52435;47232;3864;308;38;0,061076605;17434
1;290;3;14;3;3;-1;1;1;6;1;1;2;63865;58200;4893;305;41;0,059268343;18876
1;284;1;14;3;3;1;1;1;7;1;2;1;62871;56937;4656;300;38;0,060996564;17535
1;214;1;30;3;1;1;2;1;1;1;1;1;67048;61965;5042;306;36;0,042443475;16514
1;253;1;31;1;1;-2;3;1;2;1;2;1;70781;65718;5405;320;35;0,046808511;15992
1;228;1;34;1;1;-2;1;1;3;1;1;2;71068;64028;5348;294;32;0,04263276;14798
1;259;2;31;1;1;1;1;1;4;1;1;1;70996;64797;5330;274;30;0,048592871;13763
1;241;2;30;1;1;1;3;0;5;1;1;1;69274;62358;5133;381;45;0,046951101;20616
1;293;2;35;1;1;2;3;1;6;1;1;2;81101;75131;6090;384;45;0,048111658;20794
1;220;1;31;1;1;2;1;0;7;1;1;1;66876;62511;5118;281;33;0,042985541;15281
1;272;1;32;1;1;1;2;1;1;1;2;1;75328;69846;5807;315;34;0,046840021;15724
1;298;1;33;1;1;1;1;1;2;2;1;1;79019;71265;5824;311;36;0,051167582;16518
1;215;1;34;1;2;1;1;1;3;3;1;2;74887;69458;5622;307;37;0,038242618;16938
1;219;1;32;2;2;-1;1;0;4;1;1;1;74279;67122;5595;364;41;0,039142091;18849
1;209;1;30;2;3;-1;1;1;5;2;1;2;75996;70625;5889;334;40;0,035489896;18384
1;286;3;35;2;3;1;2;1;6;3;2;1;90604;81928;6635;373;47;0,043104748;21537
1;277;3;34;2;1;1;3;1;7;1;1;1;76225;68888;5595;383;46;0,04950849;21065
1;283;3;34;2;1;-2;1;1;1;1;1;2;78773;72213;5965;381;44;0,04744342;20214
1;294;3;31;1;1;-2;1;0;2;1;1;1;75363;69880;5822;411;45;0,050498111;20672
1;217;3;33;1;1;1;3;1;3;1;2;1;72086;65378;5460;340;40;0,03974359;18313
1;231;3;34;1;1;1;3;1;4;2;1;2;72582;65546;5487;288;35;0,042099508;16138
1;216;3;11;3;1;2;1;1;5;3;1;1;43479;40657;3327;203;31;0,064923354;14353
1;280;1;14;3;1;2;2;1;6;1;1;1;53718;49040;4151;319;37;0,067453626;17026
1;295;1;16;3;1;1;1;1;7;2;1;1;56666;51672;4365;296;38;0,067583047;17588
1;233;1;13;3;1;1;1;1;1;3;2;1;46444;42939;3684;226;32;0,063246471;14761
1;271;1;15;1;2;-1;1;1;2;1;2;1;59391;54835;4603;354;41;0,058874647;18914
1;288;1;15;1;2;-1;1;0;3;1;2;2;60968;56064;4626;238;27;0,062256809;12518
1;201;1;15;1;3;1;2;1;4;1;1;1;57646;53581;4450;334;40;0,045168539;18340
1;233;1;11;1;3;1;3;1;5;1;1;1;54890;49686;4094;254;30;0,056912555;13699
1;203;1;14;1;1;-2;1;1;6;2;1;1;44368;40489;3425;225;30;0,059270073;13830
1;222;2;14;1;1;-2;1;1;7;3;1;1;47390;42991;3561;230;31;0,062342039;14289
1;211;2;12;1;1;1;3;1;1;1;1;1;42627;39199;3242;234;29;0,065083282;13334
1;265;2;11;1;1;1;3;1;2;2;1;2;48926;44672;3739;240;30;0,070874565;13727
1;202;1;20;1;2;2;1;1;3;3;1;2;58246;52436;4268;302;38;0,04732896;17533
1;233;1;24;1;2;-1;2;1;4;1;2;2;67236;60934;5046;311;37;0,046175188;17026
1;211;1;25;1;3;-1;1;1;5;1;1;2;69180;64331;5223;377;42;0,040398239;19282
1;253;1;23;1;3;1;2;1;6;1;1;1;71312;64856;5289;375;42;0,04783513;19242
1;235;1;24;1;1;1;2;1;7;2;2;1;62311;58013;4811;347;38;0,048846394;17392
1;211;1;25;2;1;-2;2;1;1;3;2;1;61305;55596;4680;333;40;0,04508547;18487
1;246;3;24;2;1;-2;3;1;2;1;2;1;62673;58484;4822;267;33;0,051016176;15090
1;251;3;14;2;1;1;3;1;3;2;1;1;48981;44891;3804;217;26;0,065983176;11885
1;235;3;11;2;1;1;3;1;4;3;1;1;43983;40951;3364;290;37;0,069857313;16989
1;262;3;11;2;1;2;1;1;5;1;1;1;46181;41930;3483;195;26;0,075222509;11974
1;214;3;11;1;1;2;1;1;6;1;1;1;43243;39506;3384;248;30;0,063238771;13788
1;201;1;15;1;1;-1;1;1;1;1;1;1;44645;42424;3510;299;36;0,057264957;16638
1;221;1;14;1;1;-1;1;1;2;2;1;2;46243;42241;3498;275;33;0,063178959;15285
1;242;1;16;1;2;1;2;1;3;3;1;1;56899;51224;4169;319;37;0,058047493;17073
1;219;2;12;1;2;1;3;1;4;1;2;1;51280;46379;3878;318;39;0,056472408;18012
1;288;2;12;1;3;-2;1;1;5;2;1;1;62980;57173;4808;321;38;0,059900166;17495
1;292;2;14;1;3;-2;1;1;6;3;1;1;66006;60509;4966;364;43;0,058799839;19857
1;235;1;11;1;1;1;3;0;7;1;2;2;43928;41757;3568;241;28;0,065863229;12990
1;222;1;15;1;1;1;3;1;1;1;1;1;49051;45108;3743;221;27;0,059310713;12410
1;243;1;13;2;1;2;1;1;2;1;1;1;46449;42837;3614;259;31;0,067238517;14281
1;289;1;12;2;1;2;2;1;3;1;2;2;50988;46931;3953;254;29;0,073109031;13272
1;296;1;13;2;1;1;1;1;4;1;1;1;53318;50013;4227;276;35;0,070026023;16209
1;209;1;13;2;1;-1;1;1;5;2;1;1;43240;40282;3425;274;36;0,061021898;16657
1;298;3;12;2;1;-1;1;0;6;3;1;1;52002;47599;3992;305;38;0,074649299;17454
1;287;3;14;1;2;1;2;1;7;1;1;2;57717;53324;4413;333;37;0,065035123;16979
1;272;3;11;1;2;1;3;1;1;2;1;1;52419;48795;4031;272;32;0,067477053;14737
1;265;3;14;1;3;-2;1;1;2;3;2;1;63444;57370;4777;362;46;0,055474147;21157
1;291;3;12;3;3;-2;1;1;3;1;1;1;62476;56540;4623;332;43;0,062946139;19880
1;296;3;15;3;1;1;3;1;4;1;1;2;57166;53291;4454;330;41;0,066457117;18895
1;218;3;12;3;1;1;3;1;5;1;1;1;44129;39754;3416;269;31;0,06381733;14179
1;274;1;16;3;1;2;1;1;6;1;1;1;55547;52073;4328;335;39;0,063308688;17981
1;268;1;16;1;1;2;2;1;7;1;2;2;53660;48991;4080;271;33;0,065686275;15120
1;297;1;11;1;1;1;1;1;1;1;1;2;50840;47578;3985;269;33;0,074529486;15184
1;282;2;11;1;1;1;1;1;2;1;1;2;50403;46327;3859;286;32;0,073075926;14791
1;211;2;11;1;1;-1;1;1;3;2;1;2;41674;37408;3227;274;33;0,065385807;15140
1;268;2;11;1;2;-1;2;1;4;3;2;2;53118;50112;4170;316;37;0,064268585;16987
1;255;1;11;1;2;1;3;1;5;1;1;1;50405;46138;3807;219;26;0,066981875;11994
1;256;1;13;1;3;1;1;0;6;2;1;1;60423;55216;4603;314;40;0,055615903;18460
1;219;1;12;1;3;-2;1;1;7;3;1;1;55850;51527;4249;248;31;0,051541539;14176
1;292;1;13;1;1;-2;3;1;1;1;1;1;53128;49226;4026;245;29;0,072528564;13403
1;221;1;13;2;1;1;3;1;2;1;1;2;44861;41599;3526;244;31;0,062677255;14370
1;226;1;14;2;1;1;1;1;3;1;2;1;46731;42394;3574;233;29;0,063234471;13248
1;227;3;15;2;1;2;2;1;4;1;1;1;49368;45632;3710;225;26;0,061185984;11885
1;289;3;14;2;1;2;1;1;5;1;1;1;52644;49621;4172;248;31;0,069271333;14153
1;206;3;15;2;1;1;1;0;6;1;1;1;45634;41776;3410;242;30;0,060410557;13887
1;250;3;14;1;1;1;1;1;7;1;2;2;51776;47686;4055;272;30;0,061652281;13730
1;259;3;15;1;2;-1;1;1;1;1;1;1;58509;53500;4477;238;27;0,05785124;12376
1;246;3;11;1;2;-1;1;0;2;2;1;1;52178;48506;4076;261;32;0,060353288;14634
1;291;3;11;3;3;1;2;1;3;3;1;1;60225;56411;4634;327;44;0,06279672;20163
1;292;1;13;3;3;1;3;1;4;1;2;1;64213;58697;4916;296;38;0,059397884;17371
1;241;1;16;3;1;-2;1;1;5;2;1;2;50476;47577;3982;205;29;0,060522351;13280
1;241;1;16;3;1;-2;1;1;6;3;1;1;50640;45761;3851;223;32;0,062581148;14823
1;219;1;12;1;1;1;3;1;7;1;2;1;44239;40743;3501;240;30;0,062553556;13701
1;288;1;15;1;1;1;3;1;1;1;1;1;55164;50800;4252;330;40;0,067732832;18398
1;276;1;13;1;1;2;1;1;2;1;1;2;50274;46875;3999;266;29;0,069017254;13363
1;282;1;11;1;1;2;2;1;3;2;1;1;49277;46391;3947;237;30;0,071446668;13869
1;268;1;11;1;1;1;1;1;4;3;2;1;47305;42780;3625;269;34;0,073931034;15615
1;250;2;15;1;1;1;1;1;5;1;1;1;49957;46062;3925;273;31;0,063694268;14264
1;299;2;16;1;2;-1;1;1;6;2;1;1;62745;56763;4653;246;32;0,064259617;14687
1;230;2;16;1;2;-1;1;1;7;3;1;2;55663;51228;4312;265;33;0,053339518;15092
1;251;1;12;1;3;1;1;1;1;1;2;1;59356;54460;4462;259;33;0,056252801;15125
1;292;1;12;1;3;1;2;1;2;1;1;1;60925;56706;4709;284;35;0,062008919;16134
1;228;1;11;1;1;-2;3;1;3;1;1;1;44796;42066;3459;196;25;0,065915004;11476
1;295;1;16;2;1;-2;1;0;4;1;1;1;56324;51268;4259;232;30;0,069265086;13795
1;286;1;13;2;1;1;1;1;5;1;1;2;53605;48546;4009;280;33;0,071339486;15208
1;236;1;15;2;1;1;3;1;6;1;1;1;48730;44141;3705;260;34;0,063697706;15749
1;294;3;15;2;1;2;3;1;7;1;2;1;57238;52028;4322;227;26;0,068024063;11873
1;287;3;12;2;1;2;1;1;1;2;1;1;50318;45754;3867;263;32;0,07421774;14636
1;256;3;12;1;1;1;2;1;2;3;2;2;48483;44041;3746;270;32;0,068339562;14712
1;293;3;16;1;1;1;1;1;3;1;2;1;55976;51481;4346;270;34;0,067418316;15673
1;205;3;11;1;2;1;1;0;4;2;1;1;46671;43447;3568;222;28;0,057455157;12772
1;267;3;11;3;2;-1;1;1;5;3;1;1;52083;47030;3848;272;39;0,069386694;17989
1;256;3;13;3;3;-1;1;1;6;1;1;2;59048;54099;4570;295;37;0,056017505;17033
1;270;1;12;3;3;1;1;1;7;1;2;1;60225;55723;4694;258;36;0,057520239;16504
1;220;1;31;3;1;1;2;1;1;1;1;1;67004;60950;5045;307;35;0,043607532;16137
1;251;1;33;1;1;-2;3;1;2;1;2;1;72886;66798;5503;305;35;0,045611485;16094
1;236;1;34;1;1;-2;1;1;3;1;1;2;73526;66155;5530;313;34;0,042676311;15572
1;277;2;30;1;1;1;1;1;4;1;1;1;71351;64841;5395;298;34;0,051343837;15736
1;202;2;35;1;1;1;3;0;5;1;1;1;72066;66333;5514;308;33;0,036634022;15123
1;234;2;31;1;1;2;3;1;6;1;1;2;70876;65963;5477;307;34;0,042724119;15558
1;282;1;34;1;1;2;1;0;7;1;1;1;78008;71319;5949;330;36;0,047402925;16594
1;294;1;33;1;1;1;2;1;1;1;2;1;79105;72174;5998;352;38;0,049016339;17536
1;208;1;31;1;1;1;1;1;2;2;1;1;67685;61988;5025;302;37;0,041393035;17064
1;240;1;30;1;2;1;1;1;3;3;1;2;73271;66323;5440;295;35;0,044117647;16113
1;250;1;35;2;2;-1;1;0;4;1;1;1;80947;73539;6124;431;50;0,040822992;23100
1;216;1;34;2;3;-1;1;1;5;2;1;2;80644;72752;5938;389;48;0,036375884;22090
1;255;3;32;2;3;1;2;1;6;3;2;1;83234;76283;6289;374;47;0,040546987;21629
1;291;3;32;2;1;1;3;1;7;1;1;1;77679;72000;5845;307;37;0,049786142;17059
1;233;3;32;2;1;-2;1;1;1;1;1;2;70490;63689;5232;272;34;0,044533639;15536
1;267;3;32;1;1;-2;1;0;2;1;1;1;72586;65896;5400;342;41;0,049444444;18940
1;271;3;35;1;1;1;3;1;3;1;2;1;79514;73718;6011;344;39;0,045084013;18019
1;216;3;35;1;1;1;3;1;4;2;1;2;71791;66560;5462;339;41;0,039545954;18853
1;214;3;12;3;1;2;1;1;5;3;1;1;43618;39891;3350;212;30;0,063880597;13820
1;257;1;15;3;1;2;2;1;6;1;1;1;52573;49312;4109;298;34;0,062545632;15586
1;261;1;13;3;1;1;1;1;7;2;1;1;48415;45385;3876;247;31;0,067337461;14208
1;232;1;12;3;1;1;1;1;1;3;2;1;45975;41951;3447;247;33;0,067304903;15264
1;229;1;13;1;2;-1;1;1;2;1;2;1;52801;47544;3950;205;26;0,057974684;11915
1;228;1;13;1;2;-1;1;0;3;1;2;2;51081;47387;3942;249;31;0,057838661;14246
1;253;1;12;1;3;1;2;1;4;1;1;1;58713;54084;4395;337;39;0,057565415;18040
1;240;1;12;1;3;1;3;1;5;1;1;1;55392;51998;4227;292;36;0,056777857;16542
1;227;1;15;1;1;-2;1;1;6;2;1;1;48847;46228;3896;241;29;0,058264887;13381
1;232;2;16;1;1;-2;1;1;7;3;1;1;51170;46832;3982;219;26;0,05826218;12063
1;238;2;16;1;1;1;3;1;1;1;1;1;51489;47299;3940;249;31;0,060406091;14251
1;242;2;16;1;1;1;3;1;2;2;1;2;51225;48142;4084;230;29;0,059255632;13387
1;254;1;22;1;2;2;1;1;3;3;1;2;66522;60462;5036;304;37;0,050436855;17042
1;224;1;25;1;2;-1;2;1;4;1;2;2;66446;60219;4951;343;39;0,045243385;17875
1;223;1;20;1;3;-1;1;1;5;1;1;2;65209;59322;4841;277;33;0,046064863;15172
1;278;1;24;1;3;1;2;1;6;1;1;1;74909;68825;5638;334;41;0,049308265;18904
1;237;1;25;1;1;1;2;1;7;2;2;1;64062;59619;4939;365;43;0,047985422;19865
1;246;1;20;2;1;-2;2;1;1;3;2;1;57289;51727;4285;330;41;0,057409568;18776
1;254;3;25;2;1;-2;3;1;2;1;2;1;64080;58338;4860;255;33;0,052263374;15172
1;284;3;12;2;1;1;3;1;3;2;1;1;49682;46381;3942;322;38;0,072044647;17550
1;266;3;11;2;1;1;3;1;4;3;1;1;47641;43281;3661;192;27;0,072657744;12335
1;276;3;12;2;1;2;1;1;5;1;1;1;49844;46403;3914;316;35;0,070516096;16097
1;267;3;12;1;1;2;1;1;6;1;1;1;48383;43553;3703;246;29;0,0721037;13246
1;268;1;12;1;1;-1;1;1;1;1;1;1;50374;47638;3991;217;26;0,06715109;11936
1;226;1;14;1;1;-1;1;1;2;2;1;2;47502;43608;3555;199;25;0,063572433;11593
1;211;1;14;1;2;1;2;1;3;3;1;1;50282;45160;3744;281;37;0,056356838;17103
1;264;2;15;1;2;1;3;1;4;1;2;1;58529;54216;4415;274;31;0,059796149;14206
1;241;2;15;1;3;-2;1;1;5;2;1;1;59634;54642;4594;266;33;0,05245973;15275
1;272;2;12;1;3;-2;1;1;6;3;1;1;58985;54081;4489;317;42;0,06059256;19314
1;220;1;11;1;1;1;3;0;7;1;2;2;43495;40440;3416;247;30;0,06440281;13897
1;235;1;14;1;1;1;3;1;1;1;1;1;49741;45938;3842;204;23;0,061166059;10605
1;285;1;11;2;1;2;1;1;2;1;1;1;49147;45715;3876;248;31;0,073529412;14197
1;271;1;14;2;1;2;2;1;3;1;2;2;53620;49763;4085;284;33;0,066340269;15203
1;268;1;14;2;1;1;1;1;4;1;1;1;52431;48498;3975;229;30;0,067421384;13748
1;274;1;13;2;1;-1;1;1;5;2;1;1;51963;49108;4061;238;30;0,067471066;13699
1;239;3;13;2;1;-1;1;0;6;3;1;1;48696;45805;3895;288;36;0,061360719;16478
1;219;3;11;1;2;1;2;1;7;1;1;2;48599;46044;3822;246;31;0,057299843;14361
1;258;3;13;1;2;1;3;1;1;2;1;1;55842;51255;4259;261;34;0,0605776;15556
1;200;3;14;1;3;-2;1;1;2;3;2;1;56194;50598;4213;255;35;0,04747211;16046
1;258;3;13;3;3;-2;1;1;3;1;1;1;61573;57532;4740;332;43;0,05443038;19822
1;288;3;16;3;1;1;3;1;4;1;1;2;57982;52398;4312;240;33;0,066790353;15269
1;214;3;15;3;1;1;3;1;5;1;1;1;48219;44822;3766;229;30;0,056824217;13821
1;210;1;14;3;1;2;1;1;6;1;1;1;44667;40253;3403;202;29;0,061710256;13442
1;230;1;13;1;1;2;2;1;7;1;2;2;48514;45169;3700;257;31;0,062162162;14228
1;232;1;15;1;1;1;1;1;1;1;1;2;50188;47308;3912;270;33;0,059304703;15111
1;208;2;14;1;1;1;1;1;2;1;1;2;45051;42793;3593;238;27;0,057890342;12345
1;219;2;11;1;1;-1;1;1;3;2;1;2;42965;39864;3323;264;34;0,065904303;15635
1;235;2;14;1;2;-1;2;1;4;3;2;2;53727;48624;4004;227;30;0,058691309;13772
1;274;1;13;1;2;1;3;1;5;1;1;1;55359;49965;4244;326;38;0,064561734;17549
1;291;1;13;1;3;1;1;0;6;2;1;1;62464;57782;4833;358;42;0,060211049;19368
1;265;1;13;1;3;-2;1;1;7;3;1;1;60906;57119;4737;341;42;0,05594258;19261
1;239;1;14;1;1;-2;3;1;1;1;1;1;49490;46467;3874;313;37;0,06169334;17092
1;211;1;13;2;1;1;3;1;2;1;1;2;45440;41228;3518;183;24;0,05997726;11131
1;276;1;16;2;1;1;1;1;3;1;2;1;56178;52648;4420;311;39;0,062443439;17998
1;216;3;15;2;1;2;2;1;4;1;1;1;47549;44148;3737;266;32;0,057800375;14755
1;218;3;12;2;1;2;1;1;5;1;1;1;43276;40797;3418;202;28;0,063779988;12889
1;236;3;15;2;1;1;1;0;6;1;1;1;49835;46018;3830;209;25;0,061618799;11572
1;291;3;15;1;1;1;1;1;7;1;2;2;55381;51985;4395;313;37;0,066211604;16951
1;241;3;16;1;2;-1;1;1;1;1;1;1;56991;52169;4367;225;27;0,055186627;12491
1;219;3;12;1;2;-1;1;0;2;2;1;1;48122;44871;3746;232;32;0,05846236;14735
1;212;3;15;3;3;1;2;1;3;3;1;1;57680;52493;4325;256;34;0,049017341;15692
1;248;1;16;3;3;1;3;1;4;1;2;1;61754;57809;4791;302;41;0,051763724;18942
1;257;1;16;3;1;-2;1;1;5;2;2;2;52883;48098;4094;234;30;0,062774792;13716
1;240;1;11;3;1;-2;1;1;6;3;2;2;46817;42784;3522;215;31;0,068143101;14153
1;293;1;14;1;1;1;3;1;7;3;2;2;54539;50992;4186;328;38;0,069995222;17394
1;266;1;12;1;1;1;3;1;1;3;2;2;49718;46119;3870;283;36;0,06873385;16506
1;201;1;11;1;1;2;1;1;2;3;2;2;42257;38696;3277;238;32;0,061336588;14617
1;209;1;13;1;1;2;2;1;3;3;2;2;44953;40679;3450;185;23;0,06057971;10526
1;245;1;14;1;1;1;1;1;4;3;2;2;49206;45203;3776;206;29;0,064883475;13259
1;226;2;15;1;1;1;1;1;5;3;2;2;49791;45456;3860;199;25;0,058549223;11554
1;290;2;16;1;2;-1;1;1;6;3;2;2;61318;55998;4588;274;33;0,06320837;15129
1;231;2;13;1;2;-1;1;1;7;3;2;2;51866;47234;3899;265;32;0,059245961;14645
1;215;1;15;1;3;1;1;1;1;3;2;2;59391;53958;4391;266;34;0,04896379;15642
1;249;1;11;1;3;1;2;1;2;3;2;2;57106;51818;4356;297;40;0,057162534;18493
1;281;1;15;1;1;-2;3;1;3;3;2;2;56285;51850;4307;248;32;0,065242628;14702
1;264;1;11;2;1;-2;1;0;4;3;2;1;49562;45445;3754;268;36;0,070324987;16475
1;285;1;15;2;1;1;1;1;5;3;2;2;54557;50215;4160;278;36;0,068509615;16599
1;202;1;15;2;1;1;3;1;6;3;2;1;47064;43172;3667;242;30;0,055085901;13894
1;202;3;12;2;1;2;3;1;7;3;2;1;44651;41451;3446;177;26;0,058618688;11917
1;221;3;15;2;1;2;1;1;1;3;1;1;48760;45349;3812;314;39;0,057974816;17984
1;230;3;12;1;1;1;2;1;2;3;2;2;46620;42224;3453;223;29;0,066608746;13251
1;241;3;12;1;1;1;1;1;3;3;2;1;45859;42796;3577;248;30;0,067374895;13854
1;276;3;11;1;2;1;1;0;4;3;1;1;55042;49490;4060;324;39;0,067980296;18003
1;234;3;15;3;2;-1;1;1;5;3;1;1;53764;50245;4262;293;41;0,054903801;18930
1;206;3;14;3;3;-1;1;1;6;3;1;2;55666;51753;4374;337;42;0,047096479;19234
1;275;1;11;3;3;1;1;1;7;3;2;1;61151;57185;4710;260;35;0,058386412;16014
1;216;1;33;3;1;1;2;1;1;3;1;1;69488;64485;5313;339;40;0,040654997;18427
1;296;1;32;1;1;-2;3;1;2;3;2;1;78463;72747;5918;337;42;0,050016898;19228
1;261;1;31;1;1;-2;1;1;3;3;1;2;70671;63841;5340;387;44;0,048876404;20224
1;276;2;30;1;1;1;1;1;4;3;1;1;72998;67803;5607;366;43;0,049224184;19772
1;243;2;35;1;1;1;3;0;5;3;1;1;74897;69656;5704;345;41;0,042601683;18961
1;266;2;30;1;1;2;3;1;6;3;1;2;70549;64128;5197;271;33;0,051183375;15138
1;205;1;34;1;1;2;1;0;7;3;1;1;70617;64750;5377;285;33;0,038125349;15117
1;284;1;30;1;1;1;2;1;1;3;2;1;73860;68189;5665;326;41;0,050132392;18789
1;239;1;30;1;1;1;1;1;2;3;1;1;67127;61001;5028;285;37;0,047533811;17064
1;259;1;33;1;2;1;1;1;3;3;1;2;78338;71482;5798;391;46;0,044670576;21074
1;281;1;32;2;2;-1;1;0;4;3;1;1;80169;73379;6114;399;47;0,045960092;21525
1;262;1;35;2;3;-1;1;1;5;3;1;2;88848;79883;6604;353;45;0,039672925;20632
1;218;3;33;2;3;1;2;1;6;3;2;1;82792;75477;6144;349;42;0,035481771;19421
1;267;3;34;2;1;1;3;1;7;1;1;1;75565;69005;5625;393;45;0,047466667;20598
1;236;3;34;2;1;-2;1;1;1;1;1;2;73793;68497;5662;343;42;0,041681385;19269
1;234;3;31;1;1;-2;1;0;2;1;1;1;70566;65114;5398;366;41;0,043349389;18757
1;296;3;32;1;1;1;3;1;3;1;2;1;76396;70928;5917;416;45;0,050025351;20596
1;256;3;30;1;1;1;3;1;4;2;1;2;69852;63575;5213;322;39;0,049107999;18001
1;206;3;16;3;1;2;1;1;5;3;1;1;47628;44927;3756;309;38;0,05484558;17590
1;223;1;12;3;1;2;2;1;6;1;1;1;43495;40180;3454;228;31;0,064562826;14270
1;218;1;16;3;1;1;1;1;7;2;1;1;50198;45177;3684;261;36;0,05917481;16487
1;286;1;15;3;1;1;1;1;1;3;2;1;56144;51764;4291;299;38;0,06665113;17542
1;289;1;11;1;2;-1;1;1;2;1;2;1;55083;50266;4155;284;35;0,069554753;16029
1;219;1;12;1;2;-1;1;0;3;1;2;2;48538;44470;3623;209;25;0,060447143;11427
1;251;1;11;1;3;1;2;1;4;1;2;1;56577;51325;4311;238;29;0,05822315;13403
1;239;1;16;1;3;1;3;1;5;1;2;1;62098;56546;4666;306;36;0,051221603;16498
1;216;1;13;1;1;-2;1;1;6;2;2;1;46379;41753;3428;263;31;0,063010502;14219
1;245;2;14;1;1;-2;1;1;7;2;2;1;48619;45483;3882;229;30;0,063111798;13848
1;216;2;16;1;1;1;3;1;1;2;2;1;48548;43658;3703;219;25;0,058331083;11462
1;243;2;14;1;1;1;3;1;2;2;2;2;48679;44884;3773;307;37;0,064404983;16930
1;264;1;20;1;2;2;1;1;3;2;2;2;65234;59457;4941;372;46;0,05343048;21141
1;264;1;23;1;2;-1;2;1;4;2;2;2;67882;61509;5081;339;39;0,051958276;17968
1;296;1;25;1;3;-1;1;1;5;2;2;2;77992;70508;5767;397;48;0,051326513;22019
1;211;1;24;1;3;1;2;1;6;2;2;1;70230;63742;5295;287;37;0,039848914;16932
1;203;1;24;1;3;1;2;1;7;2;2;1;67849;61235;5033;317;37;0,040333797;17016
1;300;1;25;2;3;-2;2;1;1;2;2;1;79115;73438;5963;405;48;0,050310247;22086
1;248;3;22;2;3;-2;3;1;2;2;2;1;70711;64228;5338;273;37;0,046459348;17127
1;267;3;14;2;3;1;3;1;3;2;1;1;63351;58759;4763;331;44;0,056057107;20336
1;281;3;15;2;1;1;3;1;4;2;1;1;53942;48932;3997;223;30;0,070302727;13822
1;226;3;12;2;1;2;1;1;5;2;1;1;46267;42558;3491;232;32;0,064737897;14672
1;288;3;11;1;1;2;1;1;6;2;1;1;49663;44667;3762;270;31;0,076555024;14256
1;300;1;14;1;1;-1;1;1;1;2;1;1;55498;49870;4136;275;32;0,072533849;14694
1;245;1;14;1;1;-1;1;1;2;2;1;2;50015;46632;3923;283;34;0,062452205;15547
1;281;1;13;1;2;1;2;1;3;2;1;2;56066;52706;4292;292;34;0,065470643;15625
1;259;2;13;1;2;1;3;1;4;2;2;2;54077;50981;4249;231;31;0,060955519;14188
1;259;2;12;1;3;-2;1;1;5;2;1;2;57825;53448;4476;337;43;0,057864164;19681
1;298;2;15;1;3;-2;1;1;6;3;1;2;66085;60741;5070;322;41;0,05877712;18906
1;217;1;15;1;1;1;3;0;7;1;2;2;46913;44398;3696;222;25;0,058712121;11437
1;228;1;14;1;1;1;3;1;1;1;1;2;48157;45100;3780;269;32;0,06031746;14771
1;201;1;13;2;1;2;1;1;2;1;1;2;43882;39950;3296;222;28;0,06098301;12861
1;281;1;15;2;1;2;2;1;3;1;2;2;53389;49708;4131;231;29;0,068022271;13266
1;238;1;15;2;1;1;1;1;4;1;1;2;49239;45114;3850;288;36;0,061818182;16467
1;274;1;12;2;1;-1;1;1;5;2;1;2;49692;44880;3684;292;37;0,074375679;17044
1;291;3;14;2;1;-1;1;0;6;3;1;2;54949;50531;4147;288;38;0,070171208;17458
1;285;3;15;1;2;1;2;1;7;1;1;2;61173;56425;4628;342;39;0,061581677;17960
1;286;3;11;1;2;1;3;1;1;2;1;1;55379;50201;4210;295;36;0,067933492;16560
1;206;3;15;1;3;-2;1;1;2;3;2;1;59175;53550;4393;288;35;0,046892784;16033
1;274;3;13;3;3;-2;1;1;3;1;1;1;60330;54392;4582;348;45;0,059799214;20767
1;263;3;15;3;1;1;3;1;4;1;1;2;51998;48680;4033;223;27;0,065212001;12394
1;288;3;14;3;1;1;3;1;5;1;1;1;52808;49096;4042;298;37;0,071251856;17109
1;203;1;14;3;1;2;1;1;6;1;1;1;43899;40602;3490;203;28;0,058166189;12843
1;242;1;13;1;1;2;2;1;7;1;2;2;48096;45047;3779;197;25;0,064038105;11562
1;300;1;12;1;1;1;1;1;1;1;1;2;52374;47154;3907;255;32;0,076785257;14815
1;236;2;11;1;1;1;1;1;2;1;1;2;43438;40989;3431;178;20;0,068784611;9192
1;294;2;12;1;1;-1;1;1;3;2;1;2;51034;47687;3954;302;35;0,074355083;16131
1;294;2;12;1;2;-1;2;1;4;3;2;2;56465;52940;4340;222;29;0,067741935;13249
1;256;1;14;1;2;1;3;1;5;1;1;1;54840;49420;4141;241;29;0,061820816;13230
1;281;1;16;1;3;1;1;0;6;2;1;1;65767;61160;4988;313;41;0,056335204;18800
1;293;1;12;1;3;-2;1;1;7;3;1;1;60805;56994;4773;350;44;0,061386968;20137
1;245;1;16;1;1;-2;3;1;1;1;1;1;52288;49163;4107;309;35;0,059654249;16109
1;235;1;14;2;1;1;3;1;2;1;1;2;48802;45855;3907;229;26;0,060148451;11911
1;272;1;15;2;1;1;1;1;3;1;2;1;53703;49375;4059;210;25;0,067011579;11453
1;217;3;11;2;1;2;2;1;4;1;1;1;42162;39040;3347;289;32;0,06483418;14718
1;256;3;12;2;1;2;1;1;5;1;1;1;48528;44385;3788;285;33;0,067581837;15207
1;266;3;13;2;1;1;1;0;6;1;1;1;50839;46105;3924;291;34;0,067787971;15566
1;219;3;12;1;1;1;1;1;7;1;2;2;45027;41492;3449;242;29;0,063496666;13323
1;212;3;16;1;2;-1;1;1;1;1;1;1;53158;49433;4065;315;35;0,052152522;16122
1;294;3;14;1;2;-1;1;0;2;2;1;1;59925;54896;4582;293;34;0,06416412;15715
1;268;3;15;3;3;1;2;1;3;3;1;1;63716;59443;4925;301;43;0,054416244;19872
1;235;1;13;3;3;1;3;1;4;1;2;1;58814;54488;4593;287;36;0,051164816;16601
1;293;1;12;3;3;-2;1;1;5;2;1;2;62799;58002;4840;314;41;0,06053719;18883
1;234;1;12;3;3;-2;1;1;6;3;1;1;55944;51635;4230;246;33;0,055319149;15095
1;233;1;12;1;3;1;3;1;7;1;2;1;56048;52681;4389;256;32;0,053087264;14793
1;246;1;12;1;3;1;3;1;1;1;1;1;56901;52628;4363;254;34;0,056383223;15562
1;266;1;13;1;3;2;3;1;2;1;1;2;60840;55421;4549;342;41;0,05847439;18795
1;256;1;14;1;3;2;3;1;3;2;1;1;60465;54989;4589;248;34;0,055785574;15543
1;234;1;16;1;3;1;3;1;4;3;2;1;61784;57766;4737;322;40;0,049398353;18363
1;214;2;11;1;3;1;3;1;5;1;1;1;54026;50084;4163;245;30;0,051405237;13777
1;240;2;13;1;3;-1;3;1;6;2;1;1;58056;53336;4491;252;35;0,053440214;16020
1;273;2;13;1;3;-1;3;1;7;3;1;2;62117;56107;4691;296;39;0,058196547;18025
1;220;1;12;1;3;1;3;1;1;1;2;1;54096;49216;4154;247;32;0,052961001;14738
1;209;1;16;1;3;1;3;1;2;1;1;1;59142;55150;4621;349;40;0,045228306;18366
1;267;1;15;1;1;-2;3;1;3;1;1;1;53527;48219;4078;212;26;0,065473271;11923
1;258;1;13;2;2;-2;3;0;4;1;1;1;53538;48398;3964;260;32;0,065085772;14765
1;224;1;11;2;2;1;3;1;5;1;1;2;49669;46896;3892;202;25;0,057553957;11394
1;232;1;12;2;2;1;3;1;6;1;1;1;49974;45880;3730;264;34;0,062198391;15589
1;206;3;13;2;2;2;3;1;7;1;2;1;51493;46441;3907;220;31;0,052725877;14247
1;222;3;12;2;2;2;3;1;1;2;1;1;51596;46572;3937;293;39;0,056388113;17996
1;255;3;15;1;2;1;3;1;2;3;2;2;57608;53522;4350;266;33;0,05862069;15215
1;242;3;16;1;2;1;1;1;3;1;2;1;57789;52655;4317;228;29;0,056057447;13245
1;282;3;14;1;2;1;1;0;4;2;1;1;57515;53790;4522;292;35;0,062361787;15995
1;267;3;13;3;2;-1;1;1;5;3;1;1;57307;53895;4457;246;35;0,059905766;16081
1;280;3;13;3;3;-1;1;1;6;1;1;2;61880;56421;4657;272;34;0,060124544;15622
1;265;1;15;3;3;1;1;1;7;1;2;1;63823;59017;4805;301;38;0,055150884;17395
1;226;1;32;3;1;1;2;1;1;1;1;1;68489;62154;5068;270;32;0,044593528;14718
1;236;1;34;3;1;-2;3;1;2;1;2;1;72235;66322;5429;382;44;0,043470252;20161
1;278;1;30;3;1;-2;1;1;3;1;1;2;72688;66094;5372;351;40;0,051749814;18493
1;268;2;30;3;1;1;1;1;4;1;1;1;70077;63821;5192;329;38;0,051617874;17424
1;204;2;30;3;1;1;3;0;5;1;1;1;65184;60849;5023;292;34;0,040613179;15636
1;256;2;34;3;1;2;3;1;6;1;1;2;76679;70824;5777;348;39;0,044313658;18048
1;211;1;31;3;1;2;1;0;7;1;1;1;65651;61272;5048;355;44;0,041798732;20145
1;249;1;32;3;1;1;2;1;1;1;2;1;72223;66853;5521;387;43;0,045100525;19854
1;287;1;35;3;1;1;1;1;2;2;1;1;78695;72707;5945;334;41;0,048275862;18887
1;236;1;33;3;2;1;1;1;3;3;1;2;76431;70345;5698;337;42;0,041418041;19395
1;232;1;31;3;2;-1;1;0;4;1;1;1;73476;68191;5563;326;39;0,041704116;18011
1;272;1;35;2;3;-1;1;1;5;2;1;2;88139;81515;6701;364;46;0,040590957;21076
1;219;3;32;2;3;1;2;1;6;3;2;1;81577;73618;5954;309;38;0,036781995;17507
1;293;3;32;2;1;1;3;1;7;1;1;1;76754;70504;5810;315;39;0,050430293;17951
1;233;3;34;2;1;-2;1;1;1;1;1;2;73372;66317;5374;329;36;0,043356904;16483
1;261;3;75;1;1;-2;1;0;2;1;1;1;125190;112696;9203;476;51;0,028360317;23434
1;214;3;71;1;1;1;3;1;3;1;2;1;115745;106494;8613;526;56;0,024846163;25741
1;286;3;71;1;1;1;3;1;4;2;1;2;123511;112487;9161;489;53;0,031219299;24293
1;299;3;70;1;1;2;1;1;5;3;1;1;124527;113884;9271;541;61;0,032251106;27960
1;227;1;74;1;1;2;2;1;6;1;1;1;120042;108501;8855;459;49;0,025635234;22546
1;221;1;70;1;1;1;1;1;7;2;1;1;116840;105626;8688;542;62;0,025437385;28605
1;248;1;73;1;1;1;1;1;1;3;2;1;122145;111365;9135;575;62;0,027148331;28607
1;289;1;70;1;2;-1;1;1;2;1;2;1;127732;115171;9279;520;59;0,031145598;27037
1;297;1;75;1;2;-1;1;0;3;1;2;2;136299;122972;9918;561;60;0,029945554;27506
1;244;1;71;1;3;1;2;1;4;1;1;1;129391;117258;9563;553;62;0,025515006;28576
1;275;1;73;1;3;1;3;1;5;1;1;1;134158;120797;9837;530;59;0,027955678;27066
1;286;1;71;1;1;-2;1;1;6;2;1;1;123011;112253;9158;492;55;0,031229526;25245
1;295;2;75;1;1;-2;1;1;7;3;1;1;128659;117416;9534;502;56;0,030941892;25717
1;229;2;73;1;1;1;3;1;1;1;1;1;121679;111466;9059;524;57;0,025278728;26249
1;289;2;70;1;1;1;3;1;2;2;1;2;122640;112567;9160;552;63;0,031550218;29037
1;220;1;73;1;2;2;1;1;3;3;1;2;125771;114299;9314;528;59;0,023620356;27031
1;228;1;75;1;2;-1;2;1;4;1;2;2;129329;117468;9459;519;56;0,024104028;25818
1;225;1;70;1;3;-1;1;1;5;1;1;2;126513;114678;9251;561;62;0,024321695;28520
1;258;1;72;1;3;1;2;1;6;1;1;1;132626;120915;9889;558;63;0,026089594;28925
1;246;1;71;1;1;1;2;1;7;2;2;1;120578;108803;8779;544;62;0,028021415;28575
1;240;1;72;2;1;-2;2;1;1;3;2;1;119747;108864;8895;494;56;0,02698145;25727
1;213;3;74;2;1;-2;3;1;2;1;2;1;120067;110237;8980;497;55;0,023719376;25216
1;312;3;111;2;1;1;3;1;3;2;1;1;177220;159714;12965;744;80;0,02406479;36840
1;313;3;111;2;1;1;3;1;4;3;1;1;177323;161812;13193;670;77;0,023724702;35389
1;258;3;111;2;1;2;1;1;5;1;1;1;169787;153919;12474;663;72;0,020683021;33104
1;258;3;114;1;1;2;1;1;6;1;1;1;174378;158049;12865;749;79;0,020054411;36329
